id,device_fingerprint,device_type,os,model,app_version,is_rooted_or_jailbroken,device_risk_score
d1000000-0000-0000-0000-000000000001,fp_iphone_13_pro_0001,SMARTPHONE,IOS,iPhone 13 Pro,3.4.3,False,0.021
d1000000-0000-0000-0000-000000000002,fp_oppo_a78_0002,SMARTPHONE,ANDROID,Oppo A78,3.2.8,False,0.046
d1000000-0000-0000-0000-000000000003,fp_iphone_14_0003,SMARTPHONE,IOS,iPhone 14,3.2.0,False,0.034
d1000000-0000-0000-0000-000000000004,fp_iphone_14_0004,SMARTPHONE,IOS,iPhone 14,3.2.8,False,0.019
d1000000-0000-0000-0000-000000000005,fp_vivo_y27_0005,SMARTPHONE,ANDROID,Vivo Y27,3.5.3,False,0.089
d1000000-0000-0000-0000-000000000006,fp_symphony_z33_burner_0006,SMARTPHONE,ANDROID,Symphony Z33 (Burner),3.2.2,True,0.884
d1000000-0000-0000-0000-000000000007,fp_firefox_128_0007,WEB,LINUX,Firefox 128,3.3.3,False,0.084
d1000000-0000-0000-0000-000000000008,fp_verifone_v240m_0008,POS,ANDROID_EMBEDDED,Verifone V240m,3.5.1,False,0.014
d1000000-0000-0000-0000-000000000009,fp_chrome_browser_126_0009,WEB,WINDOWS,Chrome Browser 126,3.4.0,False,0.064
d1000000-0000-0000-0000-000000000010,fp_symphony_z33_burner_0010,SMARTPHONE,ANDROID,Symphony Z33 (Burner),3.5.1,True,0.881
d1000000-0000-0000-0000-000000000011,fp_samsung_galaxy_j2_emulator_0011,SMARTPHONE,ANDROID,Samsung Galaxy J2 (Emulator),3.4.9,True,0.932
d1000000-0000-0000-0000-000000000012,fp_vivo_y27_0012,SMARTPHONE,ANDROID,Vivo Y27,3.2.3,False,0.088
d1000000-0000-0000-0000-000000000013,fp_ingenico_move_5000_0013,POS,ANDROID_EMBEDDED,Ingenico Move 5000,3.3.1,False,0.039
d1000000-0000-0000-0000-000000000014,fp_safari_17.5_0014,WEB,MACOS,Safari 17.5,3.4.2,False,0.031
d1000000-0000-0000-0000-000000000015,fp_chrome_browser_126_0015,WEB,WINDOWS,Chrome Browser 126,3.4.1,False,0.044
d1000000-0000-0000-0000-000000000016,fp_realme_11_pro_0016,SMARTPHONE,ANDROID,Realme 11 Pro,3.3.2,False,0.071
d1000000-0000-0000-0000-000000000017,fp_symphony_z33_burner_0017,SMARTPHONE,ANDROID,Symphony Z33 (Burner),3.3.5,True,0.875
d1000000-0000-0000-0000-000000000018,fp_samsung_galaxy_m33_0018,SMARTPHONE,ANDROID,Samsung Galaxy M33,3.2.5,False,0.069
d1000000-0000-0000-0000-000000000019,fp_safari_17.5_0019,WEB,MACOS,Safari 17.5,3.3.9,False,0.031
d1000000-0000-0000-0000-000000000020,fp_verifone_v240m_0020,POS,ANDROID_EMBEDDED,Verifone V240m,3.5.6,False,0.019
d1000000-0000-0000-0000-000000000021,fp_symphony_z33_burner_0021,SMARTPHONE,ANDROID,Symphony Z33 (Burner),3.3.3,True,0.866
d1000000-0000-0000-0000-000000000022,fp_samsung_galaxy_j2_emulator_0022,SMARTPHONE,ANDROID,Samsung Galaxy J2 (Emulator),3.5.9,True,0.942
d1000000-0000-0000-0000-000000000023,fp_safari_17.5_0023,WEB,MACOS,Safari 17.5,3.3.8,False,0.034
d1000000-0000-0000-0000-000000000024,fp_walton_primo_gh11_burner_0024,SMARTPHONE,ANDROID,Walton Primo GH11 (Burner),3.2.1,True,0.824
d1000000-0000-0000-0000-000000000025,fp_xiaomi_redmi_note_12_0025,SMARTPHONE,ANDROID,Xiaomi Redmi Note 12,3.5.9,False,0.095
d1000000-0000-0000-0000-000000000026,fp_iphone_14_0026,SMARTPHONE,IOS,iPhone 14,3.5.8,False,0.025
d1000000-0000-0000-0000-000000000027,fp_sunmi_v2_pro_0027,POS,ANDROID_EMBEDDED,Sunmi V2 PRO,3.2.1,False,0.059
d1000000-0000-0000-0000-000000000028,fp_samsung_galaxy_j2_emulator_0028,SMARTPHONE,ANDROID,Samsung Galaxy J2 (Emulator),3.4.1,True,0.95
d1000000-0000-0000-0000-000000000029,fp_ingenico_move_5000_0029,POS,ANDROID_EMBEDDED,Ingenico Move 5000,3.5.0,False,0.017
d1000000-0000-0000-0000-000000000030,fp_sunmi_v2_pro_0030,POS,ANDROID_EMBEDDED,Sunmi V2 PRO,3.3.8,False,0.059
d1000000-0000-0000-0000-000000000031,fp_iphone_13_pro_0031,SMARTPHONE,IOS,iPhone 13 Pro,3.4.8,False,0.055
d1000000-0000-0000-0000-000000000032,fp_vivo_y27_0032,SMARTPHONE,ANDROID,Vivo Y27,3.3.8,False,0.066
d1000000-0000-0000-0000-000000000033,fp_xiaomi_redmi_9a_custom_rom_0033,SMARTPHONE,ANDROID,Xiaomi Redmi 9A (Custom ROM),3.4.7,True,0.837
d1000000-0000-0000-0000-000000000034,fp_samsung_galaxy_a54_5g_0034,SMARTPHONE,ANDROID,Samsung Galaxy A54 5G,3.4.4,False,0.034
d1000000-0000-0000-0000-000000000035,fp_oppo_a78_0035,SMARTPHONE,ANDROID,Oppo A78,3.2.1,False,0.042
d1000000-0000-0000-0000-000000000036,fp_walton_primo_gh11_burner_0036,SMARTPHONE,ANDROID,Walton Primo GH11 (Burner),3.3.2,True,0.853
d1000000-0000-0000-0000-000000000037,fp_walton_primo_gh11_burner_0037,SMARTPHONE,ANDROID,Walton Primo GH11 (Burner),3.3.4,True,0.858
d1000000-0000-0000-0000-000000000038,fp_xiaomi_redmi_9a_custom_rom_0038,SMARTPHONE,ANDROID,Xiaomi Redmi 9A (Custom ROM),3.5.3,True,0.835
d1000000-0000-0000-0000-000000000039,fp_samsung_galaxy_j2_emulator_0039,SMARTPHONE,ANDROID,Samsung Galaxy J2 (Emulator),3.3.4,True,0.95
d1000000-0000-0000-0000-000000000040,fp_safari_17.5_0040,WEB,MACOS,Safari 17.5,3.4.7,False,0.06
