id,wallet_number,phone_number_masked,wallet_type,risk_tier,balance,currency,status,kyc_status,primary_device_id,registered_location_id,is_synthetic_mule,mule_cluster_role
c1000000-0000-0000-0000-000000000001,W-PERS-0001,013****2824,PERSONAL,LOW,1119.12,BDT,ACTIVE,VERIFIED,d1000000-0000-0000-0000-000000000009,b1000000-0000-0000-0000-000000000008,False,NONE
c1000000-0000-0000-0000-000000000002,W-PERS-0002,018****3286,PERSONAL,MEDIUM,25842.37,BDT,ACTIVE,VERIFIED,d1000000-0000-0000-0000-000000000022,b1000000-0000-0000-0000-000000000018,False,NONE
c1000000-0000-0000-0000-000000000003,W-PERS-0003,017****7912,PERSONAL,LOW,1354.45,BDT,ACTIVE,VERIFIED,d1000000-0000-0000-0000-000000000003,b1000000-0000-0000-0000-000000000007,False,NONE
c1000000-0000-0000-0000-000000000004,W-PERS-0004,018****9279,PERSONAL,LOW,21170.15,BDT,ACTIVE,VERIFIED,d1000000-0000-0000-0000-000000000018,b1000000-0000-0000-0000-000000000007,False,NONE
c1000000-0000-0000-0000-000000000005,W-PERS-0005,013****9928,PERSONAL,LOW,14828.31,BDT,ACTIVE,VERIFIED,d1000000-0000-0000-0000-000000000015,b1000000-0000-0000-0000-000000000019,False,NONE
c1000000-0000-0000-0000-000000000006,W-PERS-0006,019****1106,PERSONAL,MEDIUM,26618.56,BDT,ACTIVE,VERIFIED,d1000000-0000-0000-0000-000000000006,b1000000-0000-0000-0000-000000000014,False,NONE
c1000000-0000-0000-0000-000000000007,W-PERS-0007,019****5552,PERSONAL,LOW,5652.91,BDT,ACTIVE,VERIFIED,d1000000-0000-0000-0000-000000000025,b1000000-0000-0000-0000-000000000011,False,NONE
c1000000-0000-0000-0000-000000000008,W-PERS-0008,017****2519,PERSONAL,LOW,13452.47,BDT,ACTIVE,VERIFIED,d1000000-0000-0000-0000-000000000012,b1000000-0000-0000-0000-000000000012,False,NONE
c1000000-0000-0000-0000-000000000009,W-PERS-0009,015****5333,PERSONAL,MEDIUM,28297.71,BDT,ACTIVE,VERIFIED,d1000000-0000-0000-0000-000000000024,b1000000-0000-0000-0000-000000000015,False,NONE
c1000000-0000-0000-0000-000000000010,W-PERS-0010,015****3045,PERSONAL,MEDIUM,34065.77,BDT,ACTIVE,VERIFIED,d1000000-0000-0000-0000-000000000013,b1000000-0000-0000-0000-000000000003,False,NONE
c1000000-0000-0000-0000-000000000011,W-PERS-0011,015****5803,PERSONAL,MEDIUM,29071.81,BDT,ACTIVE,VERIFIED,d1000000-0000-0000-0000-000000000020,b1000000-0000-0000-0000-000000000012,False,NONE
c1000000-0000-0000-0000-000000000012,W-PERS-0012,015****4150,PERSONAL,LOW,24733.87,BDT,ACTIVE,VERIFIED,d1000000-0000-0000-0000-000000000002,b1000000-0000-0000-0000-000000000008,False,NONE
c1000000-0000-0000-0000-000000000013,W-PERS-0013,019****2307,PERSONAL,MEDIUM,29972.29,BDT,ACTIVE,VERIFIED,d1000000-0000-0000-0000-000000000028,b1000000-0000-0000-0000-000000000004,False,NONE
c1000000-0000-0000-0000-000000000014,W-PERS-0014,016****5554,PERSONAL,LOW,16006.01,BDT,ACTIVE,VERIFIED,d1000000-0000-0000-0000-000000000027,b1000000-0000-0000-0000-000000000012,False,NONE
c1000000-0000-0000-0000-000000000015,W-PERS-0015,018****7065,PERSONAL,LOW,12595.66,BDT,ACTIVE,VERIFIED,d1000000-0000-0000-0000-000000000022,b1000000-0000-0000-0000-000000000009,False,NONE
c1000000-0000-0000-0000-000000000016,W-PERS-0016,013****2169,PERSONAL,LOW,21417.3,BDT,ACTIVE,VERIFIED,d1000000-0000-0000-0000-000000000006,b1000000-0000-0000-0000-000000000018,False,NONE
c1000000-0000-0000-0000-000000000017,W-PERS-0017,013****5010,PERSONAL,LOW,5928.24,BDT,ACTIVE,VERIFIED,d1000000-0000-0000-0000-000000000013,b1000000-0000-0000-0000-000000000009,False,NONE
c1000000-0000-0000-0000-000000000018,W-PERS-0018,013****4598,PERSONAL,LOW,24040.35,BDT,ACTIVE,VERIFIED,d1000000-0000-0000-0000-000000000027,b1000000-0000-0000-0000-000000000002,False,NONE
c1000000-0000-0000-0000-000000000019,W-PERS-0019,018****1525,PERSONAL,MEDIUM,28225.34,BDT,ACTIVE,VERIFIED,d1000000-0000-0000-0000-000000000013,b1000000-0000-0000-0000-000000000009,False,NONE
c1000000-0000-0000-0000-000000000020,W-PERS-0020,017****4456,PERSONAL,MEDIUM,31981.48,BDT,ACTIVE,VERIFIED,d1000000-0000-0000-0000-000000000019,b1000000-0000-0000-0000-000000000011,False,NONE
c1000000-0000-0000-0000-000000000021,W-PERS-0021,018****9179,PERSONAL,LOW,13998.21,BDT,ACTIVE,VERIFIED,d1000000-0000-0000-0000-000000000030,b1000000-0000-0000-0000-000000000015,False,NONE
c1000000-0000-0000-0000-000000000022,W-PERS-0022,018****5339,PERSONAL,LOW,5102.15,BDT,ACTIVE,VERIFIED,d1000000-0000-0000-0000-000000000024,b1000000-0000-0000-0000-000000000018,False,NONE
c1000000-0000-0000-0000-000000000023,W-PERS-0023,015****5304,PERSONAL,MEDIUM,26208.73,BDT,ACTIVE,VERIFIED,d1000000-0000-0000-0000-000000000014,b1000000-0000-0000-0000-000000000019,False,NONE
c1000000-0000-0000-0000-000000000024,W-PERS-0024,016****6930,PERSONAL,LOW,7871.4,BDT,ACTIVE,VERIFIED,d1000000-0000-0000-0000-000000000005,b1000000-0000-0000-0000-000000000017,False,NONE
c1000000-0000-0000-0000-000000000025,W-PERS-0025,016****2489,PERSONAL,MEDIUM,26513.43,BDT,ACTIVE,VERIFIED,d1000000-0000-0000-0000-000000000028,b1000000-0000-0000-0000-000000000004,False,NONE
c1000000-0000-0000-0000-000000000026,W-PERS-0026,018****3621,PERSONAL,MEDIUM,27774.76,BDT,ACTIVE,VERIFIED,d1000000-0000-0000-0000-000000000014,b1000000-0000-0000-0000-000000000003,False,NONE
c1000000-0000-0000-0000-000000000027,W-PERS-0027,016****7252,PERSONAL,LOW,20957.12,BDT,ACTIVE,VERIFIED,d1000000-0000-0000-0000-000000000015,b1000000-0000-0000-0000-000000000017,False,NONE
c1000000-0000-0000-0000-000000000028,W-PERS-0028,019****1188,PERSONAL,LOW,23889.85,BDT,ACTIVE,VERIFIED,d1000000-0000-0000-0000-000000000004,b1000000-0000-0000-0000-000000000018,False,NONE
c1000000-0000-0000-0000-000000000029,W-PERS-0029,019****6573,PERSONAL,LOW,4126.44,BDT,ACTIVE,VERIFIED,d1000000-0000-0000-0000-000000000014,b1000000-0000-0000-0000-000000000006,False,NONE
c1000000-0000-0000-0000-000000000030,W-PERS-0030,016****1053,PERSONAL,MEDIUM,33395.1,BDT,ACTIVE,VERIFIED,d1000000-0000-0000-0000-000000000029,b1000000-0000-0000-0000-000000000009,False,NONE
c1000000-0000-0000-0000-000000000031,W-PERS-0031,015****3927,PERSONAL,LOW,17891.94,BDT,ACTIVE,VERIFIED,d1000000-0000-0000-0000-000000000004,b1000000-0000-0000-0000-000000000010,False,NONE
c1000000-0000-0000-0000-000000000032,W-PERS-0032,013****9317,PERSONAL,LOW,21411.71,BDT,ACTIVE,VERIFIED,d1000000-0000-0000-0000-000000000005,b1000000-0000-0000-0000-000000000012,False,NONE
c1000000-0000-0000-0000-000000000033,W-PERS-0033,018****9837,PERSONAL,MEDIUM,33384.12,BDT,ACTIVE,VERIFIED,d1000000-0000-0000-0000-000000000030,b1000000-0000-0000-0000-000000000017,False,NONE
c1000000-0000-0000-0000-000000000034,W-PERS-0034,017****6310,PERSONAL,LOW,17229.05,BDT,ACTIVE,VERIFIED,d1000000-0000-0000-0000-000000000004,b1000000-0000-0000-0000-000000000012,False,NONE
c1000000-0000-0000-0000-000000000035,W-PERS-0035,019****4923,PERSONAL,LOW,2262.9,BDT,ACTIVE,VERIFIED,d1000000-0000-0000-0000-000000000029,b1000000-0000-0000-0000-000000000019,False,NONE
c1000000-0000-0000-0000-000000000036,W-PERS-0036,017****2403,PERSONAL,MEDIUM,25683.79,BDT,ACTIVE,VERIFIED,d1000000-0000-0000-0000-000000000027,b1000000-0000-0000-0000-000000000003,False,NONE
c1000000-0000-0000-0000-000000000037,W-PERS-0037,015****3060,PERSONAL,LOW,4711.6,BDT,ACTIVE,VERIFIED,d1000000-0000-0000-0000-000000000016,b1000000-0000-0000-0000-000000000018,False,NONE
c1000000-0000-0000-0000-000000000038,W-PERS-0038,018****5342,PERSONAL,LOW,18586.66,BDT,ACTIVE,VERIFIED,d1000000-0000-0000-0000-000000000020,b1000000-0000-0000-0000-000000000014,False,NONE
c1000000-0000-0000-0000-000000000039,W-PERS-0039,018****9835,PERSONAL,MEDIUM,26495.47,BDT,ACTIVE,VERIFIED,d1000000-0000-0000-0000-000000000023,b1000000-0000-0000-0000-000000000007,False,NONE
c1000000-0000-0000-0000-000000000040,W-PERS-0040,013****6107,PERSONAL,LOW,14114.98,BDT,ACTIVE,VERIFIED,d1000000-0000-0000-0000-000000000022,b1000000-0000-0000-0000-000000000012,False,NONE
c1000000-0000-0000-0000-000000000041,W-PERS-0041,016****9479,PERSONAL,LOW,15939.14,BDT,ACTIVE,VERIFIED,d1000000-0000-0000-0000-000000000008,b1000000-0000-0000-0000-000000000008,False,NONE
c1000000-0000-0000-0000-000000000042,W-PERS-0042,017****6539,PERSONAL,LOW,980.94,BDT,ACTIVE,VERIFIED,d1000000-0000-0000-0000-000000000018,b1000000-0000-0000-0000-000000000008,False,NONE
c1000000-0000-0000-0000-000000000043,W-PERS-0043,015****4608,PERSONAL,LOW,499.88,BDT,ACTIVE,VERIFIED,d1000000-0000-0000-0000-000000000023,b1000000-0000-0000-0000-000000000002,False,NONE
c1000000-0000-0000-0000-000000000044,W-PERS-0044,018****2104,PERSONAL,MEDIUM,31713.35,BDT,ACTIVE,VERIFIED,d1000000-0000-0000-0000-000000000028,b1000000-0000-0000-0000-000000000011,False,NONE
c1000000-0000-0000-0000-000000000045,W-PERS-0045,017****9423,PERSONAL,LOW,8520.66,BDT,ACTIVE,VERIFIED,d1000000-0000-0000-0000-000000000022,b1000000-0000-0000-0000-000000000016,False,NONE
c1000000-0000-0000-0000-000000000046,W-PERS-0046,018****9834,PERSONAL,LOW,4847.84,BDT,ACTIVE,VERIFIED,d1000000-0000-0000-0000-000000000030,b1000000-0000-0000-0000-000000000019,False,NONE
c1000000-0000-0000-0000-000000000047,W-PERS-0047,015****8744,PERSONAL,LOW,8694.15,BDT,ACTIVE,VERIFIED,d1000000-0000-0000-0000-000000000016,b1000000-0000-0000-0000-000000000014,False,NONE
c1000000-0000-0000-0000-000000000048,W-PERS-0048,018****2545,PERSONAL,LOW,3618.35,BDT,ACTIVE,VERIFIED,d1000000-0000-0000-0000-000000000014,b1000000-0000-0000-0000-000000000012,False,NONE
c1000000-0000-0000-0000-000000000049,W-PERS-0049,016****7735,PERSONAL,LOW,16479.11,BDT,ACTIVE,VERIFIED,d1000000-0000-0000-0000-000000000024,b1000000-0000-0000-0000-000000000002,False,NONE
c1000000-0000-0000-0000-000000000050,W-PERS-0050,013****2612,PERSONAL,LOW,2356.29,BDT,ACTIVE,VERIFIED,d1000000-0000-0000-0000-000000000024,b1000000-0000-0000-0000-000000000011,False,NONE
c1000000-0000-0000-0000-000000000051,W-PERS-0051,017****5073,PERSONAL,LOW,6907.76,BDT,ACTIVE,VERIFIED,d1000000-0000-0000-0000-000000000018,b1000000-0000-0000-0000-000000000015,False,NONE
c1000000-0000-0000-0000-000000000052,W-PERS-0052,018****7912,PERSONAL,LOW,6626.21,BDT,ACTIVE,VERIFIED,d1000000-0000-0000-0000-000000000015,b1000000-0000-0000-0000-000000000008,False,NONE
c1000000-0000-0000-0000-000000000053,W-PERS-0053,017****8260,PERSONAL,MEDIUM,28328.77,BDT,ACTIVE,VERIFIED,d1000000-0000-0000-0000-000000000028,b1000000-0000-0000-0000-000000000018,False,NONE
c1000000-0000-0000-0000-000000000054,W-PERS-0054,017****1828,PERSONAL,LOW,22912.04,BDT,ACTIVE,VERIFIED,d1000000-0000-0000-0000-000000000018,b1000000-0000-0000-0000-000000000001,False,NONE
c1000000-0000-0000-0000-000000000055,W-PERS-0055,017****4872,PERSONAL,LOW,6029.31,BDT,ACTIVE,VERIFIED,d1000000-0000-0000-0000-000000000016,b1000000-0000-0000-0000-000000000016,False,NONE
c1000000-0000-0000-0000-000000000056,W-PERS-0056,018****7570,PERSONAL,MEDIUM,31609.89,BDT,ACTIVE,VERIFIED,d1000000-0000-0000-0000-000000000006,b1000000-0000-0000-0000-000000000013,False,NONE
c1000000-0000-0000-0000-000000000057,W-PERS-0057,017****7396,PERSONAL,LOW,9465.81,BDT,ACTIVE,VERIFIED,d1000000-0000-0000-0000-000000000026,b1000000-0000-0000-0000-000000000015,False,NONE
c1000000-0000-0000-0000-000000000058,W-PERS-0058,019****7930,PERSONAL,LOW,24456.55,BDT,ACTIVE,VERIFIED,d1000000-0000-0000-0000-000000000024,b1000000-0000-0000-0000-000000000018,False,NONE
c1000000-0000-0000-0000-000000000059,W-PERS-0059,013****8973,PERSONAL,LOW,5629.19,BDT,ACTIVE,VERIFIED,d1000000-0000-0000-0000-000000000010,b1000000-0000-0000-0000-000000000007,False,NONE
c1000000-0000-0000-0000-000000000060,W-PERS-0060,017****9883,PERSONAL,LOW,2368.28,BDT,ACTIVE,VERIFIED,d1000000-0000-0000-0000-000000000011,b1000000-0000-0000-0000-000000000002,False,NONE
c1000000-0000-0000-0000-000000000061,W-PERS-0061,017****8811,PERSONAL,LOW,17724.05,BDT,ACTIVE,VERIFIED,d1000000-0000-0000-0000-000000000028,b1000000-0000-0000-0000-000000000017,False,NONE
c1000000-0000-0000-0000-000000000062,W-PERS-0062,018****1931,PERSONAL,MEDIUM,33637.07,BDT,ACTIVE,VERIFIED,d1000000-0000-0000-0000-000000000003,b1000000-0000-0000-0000-000000000006,False,NONE
c1000000-0000-0000-0000-000000000063,W-PERS-0063,017****2113,PERSONAL,LOW,23713.64,BDT,ACTIVE,VERIFIED,d1000000-0000-0000-0000-000000000008,b1000000-0000-0000-0000-000000000013,False,NONE
c1000000-0000-0000-0000-000000000064,W-PERS-0064,017****5033,PERSONAL,LOW,20367.44,BDT,ACTIVE,VERIFIED,d1000000-0000-0000-0000-000000000002,b1000000-0000-0000-0000-000000000003,False,NONE
c1000000-0000-0000-0000-000000000065,W-PERS-0065,016****9565,PERSONAL,LOW,11243.85,BDT,ACTIVE,VERIFIED,d1000000-0000-0000-0000-000000000009,b1000000-0000-0000-0000-000000000007,False,NONE
c1000000-0000-0000-0000-000000000066,W-PERS-0066,013****6147,PERSONAL,LOW,8544.34,BDT,ACTIVE,VERIFIED,d1000000-0000-0000-0000-000000000013,b1000000-0000-0000-0000-000000000005,False,NONE
c1000000-0000-0000-0000-000000000067,W-PERS-0067,013****5915,PERSONAL,LOW,16138.55,BDT,ACTIVE,VERIFIED,d1000000-0000-0000-0000-000000000030,b1000000-0000-0000-0000-000000000003,False,NONE
c1000000-0000-0000-0000-000000000068,W-PERS-0068,017****8508,PERSONAL,LOW,21835.28,BDT,ACTIVE,VERIFIED,d1000000-0000-0000-0000-000000000019,b1000000-0000-0000-0000-000000000004,False,NONE
c1000000-0000-0000-0000-000000000069,W-PERS-0069,017****9808,PERSONAL,LOW,7657.11,BDT,ACTIVE,VERIFIED,d1000000-0000-0000-0000-000000000009,b1000000-0000-0000-0000-000000000005,False,NONE
c1000000-0000-0000-0000-000000000070,W-PERS-0070,019****2127,PERSONAL,MEDIUM,30804.64,BDT,ACTIVE,VERIFIED,d1000000-0000-0000-0000-000000000012,b1000000-0000-0000-0000-000000000010,False,NONE
c1000000-0000-0000-0000-000000000071,W-PERS-0071,018****8179,PERSONAL,MEDIUM,29222.64,BDT,ACTIVE,VERIFIED,d1000000-0000-0000-0000-000000000023,b1000000-0000-0000-0000-000000000010,False,NONE
c1000000-0000-0000-0000-000000000072,W-PERS-0072,015****9666,PERSONAL,LOW,521.85,BDT,ACTIVE,VERIFIED,d1000000-0000-0000-0000-000000000027,b1000000-0000-0000-0000-000000000018,False,NONE
c1000000-0000-0000-0000-000000000073,W-PERS-0073,019****2697,PERSONAL,MEDIUM,32877.82,BDT,ACTIVE,VERIFIED,d1000000-0000-0000-0000-000000000005,b1000000-0000-0000-0000-000000000009,False,NONE
c1000000-0000-0000-0000-000000000074,W-PERS-0074,017****2753,PERSONAL,MEDIUM,26048.98,BDT,ACTIVE,VERIFIED,d1000000-0000-0000-0000-000000000005,b1000000-0000-0000-0000-000000000009,False,NONE
c1000000-0000-0000-0000-000000000075,W-PERS-0075,019****4450,PERSONAL,MEDIUM,25187.02,BDT,ACTIVE,VERIFIED,d1000000-0000-0000-0000-000000000007,b1000000-0000-0000-0000-000000000009,False,NONE
c1000000-0000-0000-0000-000000000076,W-PERS-0076,015****9004,PERSONAL,LOW,8976.46,BDT,ACTIVE,VERIFIED,d1000000-0000-0000-0000-000000000030,b1000000-0000-0000-0000-000000000002,False,NONE
c1000000-0000-0000-0000-000000000077,W-PERS-0077,017****7939,PERSONAL,MEDIUM,29069.85,BDT,ACTIVE,VERIFIED,d1000000-0000-0000-0000-000000000002,b1000000-0000-0000-0000-000000000001,False,NONE
c1000000-0000-0000-0000-000000000078,W-PERS-0078,019****3143,PERSONAL,LOW,22389.69,BDT,ACTIVE,VERIFIED,d1000000-0000-0000-0000-000000000009,b1000000-0000-0000-0000-000000000006,False,NONE
c1000000-0000-0000-0000-000000000079,W-PERS-0079,013****8239,PERSONAL,LOW,19420.89,BDT,ACTIVE,VERIFIED,d1000000-0000-0000-0000-000000000014,b1000000-0000-0000-0000-000000000018,False,NONE
c1000000-0000-0000-0000-000000000080,W-PERS-0080,017****2832,PERSONAL,LOW,2864.72,BDT,ACTIVE,VERIFIED,d1000000-0000-0000-0000-000000000029,b1000000-0000-0000-0000-000000000005,False,NONE
c1000000-0000-0000-0000-000000000081,W-PERS-0081,015****1590,PERSONAL,MEDIUM,29252.18,BDT,ACTIVE,VERIFIED,d1000000-0000-0000-0000-000000000019,b1000000-0000-0000-0000-000000000018,False,NONE
c1000000-0000-0000-0000-000000000082,W-PERS-0082,018****8041,PERSONAL,LOW,4678.73,BDT,ACTIVE,VERIFIED,d1000000-0000-0000-0000-000000000010,b1000000-0000-0000-0000-000000000012,False,NONE
c1000000-0000-0000-0000-000000000083,W-PERS-0083,017****6862,PERSONAL,LOW,7550.16,BDT,ACTIVE,VERIFIED,d1000000-0000-0000-0000-000000000008,b1000000-0000-0000-0000-000000000004,False,NONE
c1000000-0000-0000-0000-000000000084,W-PERS-0084,019****7658,PERSONAL,MEDIUM,34090.84,BDT,ACTIVE,VERIFIED,d1000000-0000-0000-0000-000000000024,b1000000-0000-0000-0000-000000000005,False,NONE
c1000000-0000-0000-0000-000000000085,W-PERS-0085,018****3662,PERSONAL,MEDIUM,34173.16,BDT,ACTIVE,VERIFIED,d1000000-0000-0000-0000-000000000026,b1000000-0000-0000-0000-000000000006,False,NONE
c1000000-0000-0000-0000-000000000086,W-PERS-0086,016****1406,PERSONAL,LOW,6482.78,BDT,ACTIVE,VERIFIED,d1000000-0000-0000-0000-000000000030,b1000000-0000-0000-0000-000000000011,False,NONE
c1000000-0000-0000-0000-000000000087,W-PERS-0087,016****5065,PERSONAL,LOW,9521.5,BDT,ACTIVE,VERIFIED,d1000000-0000-0000-0000-000000000026,b1000000-0000-0000-0000-000000000004,False,NONE
c1000000-0000-0000-0000-000000000088,W-PERS-0088,016****1634,PERSONAL,MEDIUM,30086.12,BDT,ACTIVE,VERIFIED,d1000000-0000-0000-0000-000000000008,b1000000-0000-0000-0000-000000000007,False,NONE
c1000000-0000-0000-0000-000000000089,W-PERS-0089,016****6728,PERSONAL,LOW,10855.38,BDT,ACTIVE,VERIFIED,d1000000-0000-0000-0000-000000000026,b1000000-0000-0000-0000-000000000008,False,NONE
c1000000-0000-0000-0000-000000000090,W-PERS-0090,018****1387,PERSONAL,LOW,23186.15,BDT,ACTIVE,VERIFIED,d1000000-0000-0000-0000-000000000013,b1000000-0000-0000-0000-000000000011,False,NONE
c1000000-0000-0000-0000-000000000091,W-PERS-0091,019****2137,PERSONAL,MEDIUM,33849.4,BDT,ACTIVE,VERIFIED,d1000000-0000-0000-0000-000000000009,b1000000-0000-0000-0000-000000000012,False,NONE
c1000000-0000-0000-0000-000000000092,W-PERS-0092,013****9346,PERSONAL,LOW,14138.82,BDT,ACTIVE,VERIFIED,d1000000-0000-0000-0000-000000000027,b1000000-0000-0000-0000-000000000018,False,NONE
c1000000-0000-0000-0000-000000000093,W-PERS-0093,019****1452,PERSONAL,LOW,4258.13,BDT,ACTIVE,VERIFIED,d1000000-0000-0000-0000-000000000009,b1000000-0000-0000-0000-000000000006,False,NONE
c1000000-0000-0000-0000-000000000094,W-PERS-0094,015****5349,PERSONAL,LOW,1579.44,BDT,ACTIVE,VERIFIED,d1000000-0000-0000-0000-000000000020,b1000000-0000-0000-0000-000000000014,False,NONE
c1000000-0000-0000-0000-000000000095,W-PERS-0095,019****6139,PERSONAL,LOW,15414.69,BDT,ACTIVE,VERIFIED,d1000000-0000-0000-0000-000000000017,b1000000-0000-0000-0000-000000000004,False,NONE
c1000000-0000-0000-0000-000000000096,W-PERS-0096,016****4114,PERSONAL,LOW,9101.61,BDT,ACTIVE,VERIFIED,d1000000-0000-0000-0000-000000000023,b1000000-0000-0000-0000-000000000014,False,NONE
c1000000-0000-0000-0000-000000000097,W-PERS-0097,017****9518,PERSONAL,MEDIUM,32413.74,BDT,ACTIVE,VERIFIED,d1000000-0000-0000-0000-000000000018,b1000000-0000-0000-0000-000000000007,False,NONE
c1000000-0000-0000-0000-000000000098,W-PERS-0098,019****8066,PERSONAL,LOW,2681.59,BDT,ACTIVE,VERIFIED,d1000000-0000-0000-0000-000000000022,b1000000-0000-0000-0000-000000000011,False,NONE
c1000000-0000-0000-0000-000000000099,W-PERS-0099,015****6143,PERSONAL,LOW,23302.71,BDT,ACTIVE,VERIFIED,d1000000-0000-0000-0000-000000000004,b1000000-0000-0000-0000-000000000010,False,NONE
c1000000-0000-0000-0000-000000000100,W-PERS-0100,015****6067,PERSONAL,LOW,23424.53,BDT,ACTIVE,VERIFIED,d1000000-0000-0000-0000-000000000011,b1000000-0000-0000-0000-000000000013,False,NONE
c1000000-0000-0000-0000-000000000101,W-PERS-0101,013****5844,PERSONAL,LOW,19515.83,BDT,ACTIVE,VERIFIED,d1000000-0000-0000-0000-000000000007,b1000000-0000-0000-0000-000000000014,False,NONE
c1000000-0000-0000-0000-000000000102,W-PERS-0102,013****7211,PERSONAL,LOW,23786.8,BDT,ACTIVE,VERIFIED,d1000000-0000-0000-0000-000000000029,b1000000-0000-0000-0000-000000000006,False,NONE
c1000000-0000-0000-0000-000000000103,W-PERS-0103,015****5930,PERSONAL,LOW,14361.11,BDT,ACTIVE,VERIFIED,d1000000-0000-0000-0000-000000000027,b1000000-0000-0000-0000-000000000001,False,NONE
c1000000-0000-0000-0000-000000000104,W-PERS-0104,019****5700,PERSONAL,LOW,7553.85,BDT,ACTIVE,VERIFIED,d1000000-0000-0000-0000-000000000026,b1000000-0000-0000-0000-000000000019,False,NONE
c1000000-0000-0000-0000-000000000105,W-PERS-0105,015****6279,PERSONAL,LOW,16408.34,BDT,ACTIVE,VERIFIED,d1000000-0000-0000-0000-000000000015,b1000000-0000-0000-0000-000000000007,False,NONE
c1000000-0000-0000-0000-000000000106,W-AGNT-0001,015****8752,AGENT,LOW,546867.7,BDT,ACTIVE,VERIFIED,d1000000-0000-0000-0000-000000000011,b1000000-0000-0000-0000-000000000006,False,NONE
c1000000-0000-0000-0000-000000000107,W-AGNT-0002,013****2389,AGENT,LOW,291893.2,BDT,ACTIVE,VERIFIED,d1000000-0000-0000-0000-000000000011,b1000000-0000-0000-0000-000000000011,False,NONE
c1000000-0000-0000-0000-000000000108,W-AGNT-0003,017****4848,AGENT,LOW,486397.84,BDT,ACTIVE,VERIFIED,d1000000-0000-0000-0000-000000000009,b1000000-0000-0000-0000-000000000007,False,NONE
c1000000-0000-0000-0000-000000000109,W-AGNT-0004,018****1400,AGENT,LOW,173106.86,BDT,ACTIVE,VERIFIED,d1000000-0000-0000-0000-000000000010,b1000000-0000-0000-0000-000000000003,False,NONE
c1000000-0000-0000-0000-000000000110,W-AGNT-0005,016****7790,AGENT,LOW,593068.45,BDT,ACTIVE,VERIFIED,d1000000-0000-0000-0000-000000000011,b1000000-0000-0000-0000-000000000007,False,NONE
c1000000-0000-0000-0000-000000000111,W-AGNT-0006,013****7291,AGENT,LOW,397188.58,BDT,ACTIVE,VERIFIED,d1000000-0000-0000-0000-000000000009,b1000000-0000-0000-0000-000000000005,False,NONE
c1000000-0000-0000-0000-000000000112,W-AGNT-0007,013****1090,AGENT,LOW,596329.91,BDT,ACTIVE,VERIFIED,d1000000-0000-0000-0000-000000000009,b1000000-0000-0000-0000-000000000014,False,NONE
c1000000-0000-0000-0000-000000000113,W-AGNT-0008,018****3881,AGENT,LOW,552054.93,BDT,ACTIVE,VERIFIED,d1000000-0000-0000-0000-000000000011,b1000000-0000-0000-0000-000000000017,False,NONE
c1000000-0000-0000-0000-000000000114,W-AGNT-0009,016****1822,AGENT,LOW,428702.9,BDT,ACTIVE,VERIFIED,d1000000-0000-0000-0000-000000000009,b1000000-0000-0000-0000-000000000015,False,NONE
c1000000-0000-0000-0000-000000000115,W-AGNT-0010,018****8612,AGENT,LOW,483788.87,BDT,ACTIVE,VERIFIED,d1000000-0000-0000-0000-000000000011,b1000000-0000-0000-0000-000000000011,False,NONE
c1000000-0000-0000-0000-000000000116,W-AGNT-0011,016****9270,AGENT,LOW,363370.38,BDT,ACTIVE,VERIFIED,d1000000-0000-0000-0000-000000000011,b1000000-0000-0000-0000-000000000015,False,NONE
c1000000-0000-0000-0000-000000000117,W-AGNT-0012,018****8777,AGENT,LOW,375034.88,BDT,ACTIVE,VERIFIED,d1000000-0000-0000-0000-000000000009,b1000000-0000-0000-0000-000000000009,False,NONE
c1000000-0000-0000-0000-000000000118,W-AGNT-0013,015****8939,AGENT,LOW,463374.22,BDT,ACTIVE,VERIFIED,d1000000-0000-0000-0000-000000000010,b1000000-0000-0000-0000-000000000015,False,NONE
c1000000-0000-0000-0000-000000000119,W-AGNT-0014,017****5681,AGENT,LOW,267246.79,BDT,ACTIVE,VERIFIED,d1000000-0000-0000-0000-000000000010,b1000000-0000-0000-0000-000000000011,False,NONE
c1000000-0000-0000-0000-000000000120,W-AGNT-0015,015****2320,AGENT,LOW,219187.03,BDT,ACTIVE,VERIFIED,d1000000-0000-0000-0000-000000000009,b1000000-0000-0000-0000-000000000013,False,NONE
c1000000-0000-0000-0000-000000000121,W-AGNT-0016,013****3503,AGENT,LOW,503209.57,BDT,ACTIVE,VERIFIED,d1000000-0000-0000-0000-000000000009,b1000000-0000-0000-0000-000000000014,False,NONE
c1000000-0000-0000-0000-000000000122,W-AGNT-0017,016****6421,AGENT,LOW,421305.57,BDT,ACTIVE,VERIFIED,d1000000-0000-0000-0000-000000000010,b1000000-0000-0000-0000-000000000002,False,NONE
c1000000-0000-0000-0000-000000000123,W-AGNT-0018,018****7883,AGENT,LOW,344738.41,BDT,ACTIVE,VERIFIED,d1000000-0000-0000-0000-000000000011,b1000000-0000-0000-0000-000000000001,False,NONE
c1000000-0000-0000-0000-000000000124,W-AGNT-0019,015****7232,AGENT,LOW,388489.87,BDT,ACTIVE,VERIFIED,d1000000-0000-0000-0000-000000000010,b1000000-0000-0000-0000-000000000010,False,NONE
c1000000-0000-0000-0000-000000000125,W-AGNT-0020,016****7865,AGENT,LOW,419110.28,BDT,ACTIVE,VERIFIED,d1000000-0000-0000-0000-000000000011,b1000000-0000-0000-0000-000000000018,False,NONE
c1000000-0000-0000-0000-000000000126,W-AGNT-0021,015****4613,AGENT,LOW,394114.74,BDT,ACTIVE,VERIFIED,d1000000-0000-0000-0000-000000000010,b1000000-0000-0000-0000-000000000014,False,NONE
c1000000-0000-0000-0000-000000000127,W-AGNT-0022,016****1475,AGENT,LOW,344428.6,BDT,ACTIVE,VERIFIED,d1000000-0000-0000-0000-000000000011,b1000000-0000-0000-0000-000000000013,False,NONE
c1000000-0000-0000-0000-000000000128,W-AGNT-0023,013****3704,AGENT,LOW,570252.83,BDT,ACTIVE,VERIFIED,d1000000-0000-0000-0000-000000000009,b1000000-0000-0000-0000-000000000018,False,NONE
c1000000-0000-0000-0000-000000000129,W-AGNT-0024,017****7455,AGENT,LOW,445946.39,BDT,ACTIVE,VERIFIED,d1000000-0000-0000-0000-000000000011,b1000000-0000-0000-0000-000000000001,False,NONE
c1000000-0000-0000-0000-000000000130,W-AGNT-0025,017****8022,AGENT,LOW,217849.74,BDT,ACTIVE,VERIFIED,d1000000-0000-0000-0000-000000000010,b1000000-0000-0000-0000-000000000006,False,NONE
c1000000-0000-0000-0000-000000000131,W-AGNT-0026,017****5262,AGENT,LOW,339551.93,BDT,ACTIVE,VERIFIED,d1000000-0000-0000-0000-000000000009,b1000000-0000-0000-0000-000000000015,False,NONE
c1000000-0000-0000-0000-000000000132,W-AGNT-0027,019****6529,AGENT,LOW,530614.85,BDT,ACTIVE,VERIFIED,d1000000-0000-0000-0000-000000000010,b1000000-0000-0000-0000-000000000009,False,NONE
c1000000-0000-0000-0000-000000000133,W-MRCH-0001,016****5133,MERCHANT,LOW,1301893.1,BDT,ACTIVE,VERIFIED,d1000000-0000-0000-0000-000000000013,b1000000-0000-0000-0000-000000000001,False,NONE
c1000000-0000-0000-0000-000000000134,W-MRCH-0002,017****9837,MERCHANT,LOW,362502.73,BDT,ACTIVE,VERIFIED,d1000000-0000-0000-0000-000000000013,b1000000-0000-0000-0000-000000000001,False,NONE
c1000000-0000-0000-0000-000000000135,W-MRCH-0003,018****2124,MERCHANT,LOW,1237479.66,BDT,ACTIVE,VERIFIED,d1000000-0000-0000-0000-000000000014,b1000000-0000-0000-0000-000000000001,False,NONE
c1000000-0000-0000-0000-000000000136,W-MRCH-0004,017****1508,MERCHANT,LOW,1439534.08,BDT,ACTIVE,VERIFIED,d1000000-0000-0000-0000-000000000012,b1000000-0000-0000-0000-000000000001,False,NONE
c1000000-0000-0000-0000-000000000137,W-MRCH-0005,017****3496,MERCHANT,LOW,586253.93,BDT,ACTIVE,VERIFIED,d1000000-0000-0000-0000-000000000013,b1000000-0000-0000-0000-000000000001,False,NONE
c1000000-0000-0000-0000-000000000138,W-MRCH-0006,013****2874,MERCHANT,LOW,976763.5,BDT,ACTIVE,VERIFIED,d1000000-0000-0000-0000-000000000012,b1000000-0000-0000-0000-000000000001,False,NONE
c1000000-0000-0000-0000-000000000139,W-MRCH-0007,016****5198,MERCHANT,LOW,1220277.72,BDT,ACTIVE,VERIFIED,d1000000-0000-0000-0000-000000000012,b1000000-0000-0000-0000-000000000001,False,NONE
c1000000-0000-0000-0000-000000000140,W-MRCH-0008,015****2876,MERCHANT,LOW,1233350.26,BDT,ACTIVE,VERIFIED,d1000000-0000-0000-0000-000000000012,b1000000-0000-0000-0000-000000000001,False,NONE
c1000000-0000-0000-0000-000000000141,W-MRCH-0009,019****2771,MERCHANT,LOW,994421.68,BDT,ACTIVE,VERIFIED,d1000000-0000-0000-0000-000000000013,b1000000-0000-0000-0000-000000000001,False,NONE
c1000000-0000-0000-0000-000000000142,W-MULE-0001,015****7149,PERSONAL,HIGH,506.15,BDT,WATCHLIST,FLAGGED,d1000000-0000-0000-0000-000000000038,b1000000-0000-0000-0000-000000000010,True,FEEDER_SMURF
c1000000-0000-0000-0000-000000000143,W-MULE-0002,017****4978,PERSONAL,HIGH,167.19,BDT,WATCHLIST,FLAGGED,d1000000-0000-0000-0000-000000000039,b1000000-0000-0000-0000-000000000010,True,FEEDER_SMURF
c1000000-0000-0000-0000-000000000144,W-MULE-0003,013****2983,PERSONAL,HIGH,965.66,BDT,WATCHLIST,FLAGGED,d1000000-0000-0000-0000-000000000037,b1000000-0000-0000-0000-000000000010,True,FEEDER_SMURF
c1000000-0000-0000-0000-000000000145,W-MULE-0004,019****9728,PERSONAL,HIGH,542.63,BDT,WATCHLIST,FLAGGED,d1000000-0000-0000-0000-000000000039,b1000000-0000-0000-0000-000000000010,True,FEEDER_SMURF
c1000000-0000-0000-0000-000000000146,W-MULE-0005,017****9289,PERSONAL,HIGH,794.67,BDT,WATCHLIST,FLAGGED,d1000000-0000-0000-0000-000000000037,b1000000-0000-0000-0000-000000000010,True,FEEDER_SMURF
c1000000-0000-0000-0000-000000000147,W-MULE-0006,016****9031,PERSONAL,HIGH,171.37,BDT,WATCHLIST,FLAGGED,d1000000-0000-0000-0000-000000000039,b1000000-0000-0000-0000-000000000010,True,FEEDER_SMURF
c1000000-0000-0000-0000-000000000148,W-MULE-0007,013****8532,PERSONAL,HIGH,863.4,BDT,WATCHLIST,FLAGGED,d1000000-0000-0000-0000-000000000040,b1000000-0000-0000-0000-000000000010,True,FEEDER_SMURF
c1000000-0000-0000-0000-000000000149,W-MULE-0008,018****9548,PERSONAL,CRITICAL,1160.29,BDT,SUSPENDED,FLAGGED,d1000000-0000-0000-0000-000000000039,b1000000-0000-0000-0000-000000000010,True,AGGREGATOR_CASHOUT
c1000000-0000-0000-0000-000000000150,W-MULE-0009,015****9817,PERSONAL,CRITICAL,940.84,BDT,SUSPENDED,FLAGGED,d1000000-0000-0000-0000-000000000040,b1000000-0000-0000-0000-000000000010,True,AGGREGATOR_CASHOUT
